{
  "silhouette": 0.733241,
  "davies_bouldin": 0.558934,
  "calinski_harabasz": 875.016881,
  "ari": 0.500802,
  "nmi": 0.562583,
  "v_measure": 0.562583
}